Model,Mean Accuracy
LDA,0.44545728643216076
QDA,0.4774773869346733
SVM (Linear),0.4614572864321608
SVM (RBF),0.49248743718592963
