,LDA,QDA,SVM (Linear),SVM (RBF)
Fold 1,0.45,0.445,0.48,0.495
Fold 2,0.46,0.485,0.46,0.5
Fold 3,0.415,0.475,0.43,0.48
Fold 4,0.445,0.505,0.48,0.5
Fold 5,0.457286432160804,0.47738693467336685,0.457286432160804,0.48743718592964824
